{"cameraMode":{"drawMode":0,"name":"Shaded","section":"Shading Mode"},"sceneLighting":true,"audioPlay":false,"sceneViewState":{"showFog":true,"showMaterialUpdate":false,"showSkybox":true,"showFlares":true,"showImageEffects":true,"showParticleSystems":true},"in2DMode":false,"pivot":{"x":121.98435974121094,"y":-52.17404556274414,"z":-30.277698516845704},"rotation":{"x":0.11772973835468292,"y":0.7896475195884705,"z":-0.16014909744262696,"w":0.5804868936538696},"size":61.06407165527344,"orthographic":false}