{"cameraMode":{"drawMode":0,"name":"Shaded","section":"Shading Mode"},"sceneLighting":true,"audioPlay":false,"sceneViewState":{"m_AlwaysRefresh":false,"showFog":true,"showSkybox":false,"showFlares":true,"showImageEffects":true,"showParticleSystems":true,"showVisualEffectGraphs":true,"m_FxEnabled":true},"in2DMode":false,"pivot":{"x":9.29539966583252,"y":9.920577049255371,"z":35.049415588378909},"rotation":{"x":0.00013499251508619636,"y":0.9998101592063904,"z":-0.007498689461499453,"w":0.017998529598116876},"size":1.6563770771026612,"orthographic":false}