{"cameraMode":{"drawMode":0,"name":"Shaded","section":"Shading Mode"},"sceneLighting":false,"audioPlay":false,"sceneViewState":{"m_AlwaysRefresh":false,"showFog":true,"showSkybox":false,"showFlares":true,"showImageEffects":true,"showParticleSystems":true,"showVisualEffectGraphs":true,"m_FxEnabled":true},"in2DMode":false,"pivot":{"x":3.4114911556243898,"y":-4.010191440582275,"z":-19.016613006591798},"rotation":{"x":-0.0011873969342559577,"y":0.9984877705574036,"z":-0.023968318477272989,"w":-0.049465663731098178},"size":3.0409674644470217,"orthographic":false}