{"cameraMode":{"drawMode":0,"name":"Shaded","section":"Shading Mode"},"sceneLighting":false,"audioPlay":false,"sceneViewState":{"m_AlwaysRefresh":false,"showFog":true,"showSkybox":false,"showFlares":true,"showImageEffects":true,"showParticleSystems":true,"showVisualEffectGraphs":true,"m_FxEnabled":true},"in2DMode":false,"pivot":{"x":-0.050650641322135928,"y":0.3652089834213257,"z":0.03381966054439545},"rotation":{"x":0.546947181224823,"y":-0.24341443181037904,"z":0.17008985579013825,"w":0.7827315330505371},"size":0.39289766550064089,"orthographic":false}