{"cameraMode":{"drawMode":0,"name":"Shaded","section":"Shading Mode"},"sceneLighting":false,"audioPlay":false,"sceneViewState":{"m_AlwaysRefresh":false,"showFog":true,"showSkybox":false,"showFlares":true,"showImageEffects":true,"showParticleSystems":true,"showVisualEffectGraphs":true,"m_FxEnabled":true},"in2DMode":false,"pivot":{"x":15.094719886779786,"y":0.699999988079071,"z":-77.72225952148438},"rotation":{"x":0.24026843905448914,"y":0.021465688943862916,"z":-0.005293851252645254,"w":0.9704740047454834},"size":3.912433385848999,"orthographic":false}